cabaret,1,india,,https://www.reddit.com/r/india/comments/1fkk0k/hey_rindia_i_recently_just_got_back_from_india/cabaret
cabinet,1,offmychest,DumpyLips,https://www.reddit.com/r/offmychest/comments/1fl2xd/my_stepdaughter_wants_her_real_dad_to_give_her/cabinet
calmest,1,GirlGamers,Delirium8675,https://www.reddit.com/r/GirlGamers/comments/1gk7zx/new_game_recommendations/calmest
calumet,3,coys,mrmunchkin62,https://www.reddit.com/r/coys/comments/1gn69n/first_match_of_next_season_will_be_away_at/calumet
cellist,1,pokemontrades,st_stutter,https://www.reddit.com/r/pokemontrades/comments/1usdbb/daily_standard_trade_thread_for_09_january_2014/cellist
chained,1,Terraria,DoktorEnderman,https://www.reddit.com/r/Terraria/comments/24tc0s/so_my_prehardmode_jungle_is_already_about_80/chained
chanson,0,Diablo,GlazeRoc,https://www.reddit.com/r/Diablo/comments/24sxng/skill_damage_not_as_good_as_i_think_it_is/chanson
chaplet,15,photocritique,mgebers,https://www.reddit.com/r/photocritique/comments/24u565/amateur_photographer_first_time_doing_any_kind_of/chaplet
chatted,1,starcraft,,https://www.reddit.com/r/starcraft/comments/24t6rt/iesf_international_esports_federation_held_in/chatted
checked,0,books,,https://www.reddit.com/r/books/comments/254rnv/turning_over_a_new_leaf_italian_prisoners_will/checked
chevron,3,neopets,dillibean,https://www.reddit.com/r/neopets/comments/258kxw/help_with_nc_trading/chevron
chiffon,1,hearthstone,Leonard_Church,https://www.reddit.com/r/hearthstone/comments/25ls0f/i_can_continuously_cancel_my_quests_and_get_any/chiffon
chirrup,2,geocaching,reckate,https://www.reddit.com/r/geocaching/comments/25lnpm/29_things_you_only_understand_if_youre_a_geocacher/chirrup
churned,2,shiba,The-Badger,https://www.reddit.com/r/shiba/comments/26tf4q/i_got_asked_to_compile_an_album_of_all_of_the/churned
clacked,1,leagueoflegends,Van5195,https://www.reddit.com/r/leagueoflegends/comments/2jbzah/dear_riot_locked_screen_love/clacked
clamped,33,hiphopheads,zcrates66,https://www.reddit.com/r/hiphopheads/comments/2jdc3s/atlantic_records_confirms_tetsuo_youth_to_be/clamped
cleared,12,nfl,boozerkc,https://www.reddit.com/r/nfl/comments/2jpw9c/ugly_scene_in_bears_locker_room_right_after_game/cleared
clouded,6,WTF,KserDnB,https://www.reddit.com/r/WTF/comments/2ktra6/my_friend_was_tearing_down_a_building_today_the/clouded
comment,2,CFB,FirstThings1st,https://www.reddit.com/r/CFB/comments/2vyxin/3_years_ago_today_on_2152012_uwjg10_said_they/comment
concert,2,AskMen,birdwontquit,https://www.reddit.com/r/AskMen/comments/2w3rg5/boyfriend_is_lazy_in_bed_and_will_not_go_down/concert
conduct,1,ShittyFragVideos,mitzibishi,https://www.reddit.com/r/ShittyFragVideos/comments/2w2tdw/green_screen_vid_call_of_duty_pro_killa_going/conduct
congest,1,livesound,SLAMALAMADINGGDONG23,https://www.reddit.com/r/livesound/comments/2w4b9p/im_an_absolute_newbie_when_it_comes_to_live_sound/congest
conjoin,1,videos,,https://www.reddit.com/r/videos/comments/2w3fm5/karl_pilkington_pops_the_question_for_some_guy/conjoin
consent,0,2007scape,OSRS_Trance,https://www.reddit.com/r/2007scape/comments/2w4gii/trance_music_rank_16_overalls_account_has_been/consent
contest,4,Astros,neutralvoice,https://www.reddit.com/r/Astros/comments/2w4ha4/hank_conger_over_jason_castro_at_c/contest
context,14,xray,mrsilbert1,https://www.reddit.com/r/xray/comments/2w571o/snapchat_friend_request/context
cookout,-1,worldnews,HoliHandGrenades,https://www.reddit.com/r/worldnews/comments/2w858k/cnnorc_poll_majority_of_americans_oppose/cookout
copilot,1,soyfat,soyfat,https://www.reddit.com/r/soyfat/comments/2wce9c/ukulele_let_her_go_passenger/copilot
cornish,1,AskReddit,suicidesushi,https://www.reddit.com/r/AskReddit/comments/2wi6va/nsfw_what_have_you_always_wanted_to_know_but_had/cornish
couldnt,9,SFGiants,,https://www.reddit.com/r/SFGiants/comments/2wvdrr/off_day_thread_623_i_hate_getting_up_at_5_am/couldnt
cowbird,4,pussy,mysecretreddit76,https://www.reddit.com/r/pussy/comments/2x2kre/banged_out/cowbird
crimped,1,tifu,scenely,https://www.reddit.com/r/tifu/comments/36yox3/tifu_by_being_the_smoothest_motherfucker_of_all/crimped
crowd,5,reddit.com,joshdick,https://www.reddit.com/r/reddit.com/comments/rnbx/the_poverty_paradox_the_less_you_have_the_more/crowd
crumpet,5,StarWars,VegasSaint9,https://www.reddit.com/r/StarWars/comments/38ctfg/todays_star_wars_comic_changes_the_canon_forever/crumpet
crushed,1,h1z1,HaniiBlu,https://www.reddit.com/r/h1z1/comments/38ftf1/perhaps_our_game_h1z1_will_die_due_to_the_big_ban/crushed
cumquat,113,reactiongifs,almightytom,https://www.reddit.com/r/reactiongifs/comments/3j5m02/mrw_my_sister_gives_me_her_laptop_to_fix_and_i/cumquat
