Prime word,score,subreddit,Title,author,permalink,target url
abort,0,reddit.com,HOBI BISNIS,rossi_st82,https://www.reddit.com/r/reddit.com/comments/abort/hobi_bisnis/,http://www.hobi-bisnis.co.cc/
acorn,17,redditstories,God is 52 ounces.,b3mus3d,https://www.reddit.com/r/redditstories/comments/acorn/god_is_52_ounces/,http://www.reddit.com/r/funny/comments/aciw7/if_i_had_one_hour_to_live/c0gwq61
acted,1,reddit.com,Watch Movies Online    &raquo; Falling Up (2009),amd1,https://www.reddit.com/r/reddit.com/comments/acted/watch_movies_online_raquo_falling_up_2009/,http://www.vvmo.net/2009/11/Falling_Up_2009.html
adorn,1,reddit.com,"Genuine Psychic Readings by Tarot Psychic, Clairvoyant and Mediums",wixo,https://www.reddit.com/r/reddit.com/comments/adorn/genuine_psychic_readings_by_tarot_psychic/,http://www.psychic.com.au/
ahead,1,reddit.com,Balloon Animals pro Kids,abadhy,https://www.reddit.com/r/reddit.com/comments/ahead/balloon_animals_pro_kids/,http://parentmustknow.com/crafts/balloon-animals-pro-kids.html
aired,4,reddit.com,"Can someone just create a ""I got dumped"" sub-reddit, not to sound heartless but I don't really need to read about redditors' relationship problems on the front page. ",Rubyweapon,https://www.reddit.com/r/reddit.com/comments/aired/can_someone_just_create_a_i_got_dumped_subreddit/,https://www.reddit.com/r/reddit.com/comments/aired/can_someone_just_create_a_i_got_dumped_subreddit/
akron,2,reddit.com,Uday and Priyanka come like a fresh breeze in Pyaar Impossible (2010) | ilovebolly,ilovebolly,https://www.reddit.com/r/reddit.com/comments/akron/uday_and_priyanka_come_like_a_fresh_breeze_in/,http://www.ilovebolly.com/movie/pyar-impossible-2009
alsip,1,reddit.com,"How honest are you Reddit?
",,https://www.reddit.com/r/reddit.com/comments/alsip/how_honest_are_you_reddit/,https://www.reddit.com/r/reddit.com/comments/alsip/how_honest_are_you_reddit/
alvin,5,xss,Adobe.com   - XSS,Fugitif,https://www.reddit.com/r/xss/comments/alvin/adobecom_xss/,"http://examples.adobe.com/flex3app/flex3samples/exchangingdata/text/PlainHttpService.jsp?zipcode=""><script>alert(String.fromCharCode(88,83,83))</script>"
aryan,0,reddit.com,Strong aftershock rattles Haitians - CNN.com,shanegoeswapow,https://www.reddit.com/r/reddit.com/comments/aryan/strong_aftershock_rattles_haitians_cnncom/,http://www.cnn.com/2010/WORLD/americas/01/20/haiti.earthquake/index.html?hpt=C1?hpt=C1
avant,1,reddit.com,European Auto Repair - Do The Homework,red42rip,https://www.reddit.com/r/reddit.com/comments/avant/european_auto_repair_do_the_homework/,http://www.buzzle.com/articles/european-auto-repair-do-the-homework.html
baned,1,reddit.com,Designing and Marketing: Two Pillars of Adult Business Success,DavidJackson,https://www.reddit.com/r/reddit.com/comments/baned/designing_and_marketing_two_pillars_of_adult/,http://adultwebdesigners.wordpress.com/2010/02/11/designing-and-marketing/
biked,69,MensRights,"""The South Dakota Supreme Court has overturned a lower court's order that required a deadbeat dad to spend ten days in jail every time he failed to pay monthly child support...that penalty was unconstitutional because it amounted to criminal punishment imposed without a trial""",DougDante,https://www.reddit.com/r/MensRights/comments/biked/the_south_dakota_supreme_court_has_overturned_a/,http://www.kxnet.com/custom404.asp?404;http://www.kxnet.com/t/south-dakota/97978.asp
biped,0,reddit.com,Profiting from Apple's war with Google,iPad-awan,https://www.reddit.com/r/reddit.com/comments/biped/profiting_from_apples_war_with_google/,http://brainstormtech.blogs.fortune.cnn.com/2010/03/24/profiting-from-apples-war-with-google/
birth,1,FinancialPlanning,Are you from Texas and seeking a reliable creit repair company? I know one.,,https://www.reddit.com/r/FinancialPlanning/comments/birth/are_you_from_texas_and_seeking_a_reliable_creit/,http://www.gather.com/viewArticle.action?articleId=281474978131688
bitch,1,technology,The marriage of distributed computing techniques with citizen science represents a potential revolution.,,https://www.reddit.com/r/technology/comments/bitch/the_marriage_of_distributed_computing_techniques/,http://www.isgtw.org/?pid=1002401
blain,1,WTF,Police officer in trouble after teaching a friend how to slit someone's throat,Kuonji,https://www.reddit.com/r/WTF/comments/blain/police_officer_in_trouble_after_teaching_a_friend/,http://www.mercurynews.com/breaking-news/ci_14787688
blind,1,reddit.com,"Marry People Are Comes Be Further Trendy In Dating Sites
",,https://www.reddit.com/r/reddit.com/comments/blind/marry_people_are_comes_be_further_trendy_in/,http://www.adultdatingcommunity.com/blogs/index.php/marry-people-are-comes-be-further-trendy-in-dating-sites/
blued,1,comics,Cheering up friends,h0rror,https://www.reddit.com/r/comics/comments/blued/cheering_up_friends/,http://spikedmath.com/212.html
booed,15,aww,Musical puppies,DrJulianBashir,https://www.reddit.com/r/aww/comments/booed/musical_puppies/,http://www.youtube.com/watch?v=VsV8Sl-xSG4#t=0m15s
boost,11,reddit.com,Was Employee Laid Off for Voting for Obama?,IMJGalt,https://www.reddit.com/r/reddit.com/comments/boost/was_employee_laid_off_for_voting_for_obama/,http://www.cbsnews.com/8301-503544_162-20001984-503544.html
boron,34,trees,"Hey ents, check out my uncles BADASS bodyguards.  ",MD786,https://www.reddit.com/r/trees/comments/boron/hey_ents_check_out_my_uncles_badass_bodyguards/,http://i.imgur.com/UvbEN.jpg
botch,1,reddit.com,"Who likes Victory Brewery Beers? 
The Beer Mob does! Do YOU?",brewmeister,https://www.reddit.com/r/reddit.com/comments/botch/who_likes_victory_brewery_beers_the_beer_mob_does/,http://thebeermob.com/2010/04/victory-brewery-tasting-party/
bowed,1,reddit.com,"Thousands Expected For Palin, Bachmann Rally",TristanHenson,https://www.reddit.com/r/reddit.com/comments/bowed/thousands_expected_for_palin_bachmann_rally/,http://www.womeninpolitics.net/2010/04/10/thousands-expected-for-palin-bachmann-rally/
brash,1,politics,"HAPPY TAX DAY!!! :) I just wanted to give a special thanks to President Obama for by far the largest tax refund I've ever received in my life! The deck and hot tub I'll be adding to my new home this summer wouldn't be possible without you, Mr. President!",,https://www.reddit.com/r/politics/comments/brash/happy_tax_day_i_just_wanted_to_give_a_special/,https://www.reddit.com/r/politics/comments/brash/happy_tax_day_i_just_wanted_to_give_a_special/
brawn,1,reddit.com,"Mazda recalls 90,000 vehicles",karasiwo,https://www.reddit.com/r/reddit.com/comments/brawn/mazda_recalls_90000_vehicles/,http://www.allvoices.com/contributed-news/5613575-mazda-recalls-90000-vehicles
breed,1,gaming,TERA Chat with Ex-Blizzard Man Patrick Wyatt,angryguildleader,https://www.reddit.com/r/gaming/comments/breed/tera_chat_with_exblizzard_man_patrick_wyatt/,http://www.angryguildleader.com/archives/2342
brood,1,Economics,"OK OK, the government is not like a highwayman robbing our money ... it is much worse!! Happy tax day!!! :)",economicsjunkie,https://www.reddit.com/r/Economics/comments/brood/ok_ok_the_government_is_not_like_a_highwayman/,http://www.economicsjunkie.com/happy-tax-day/
broth,1,reddit.com,Mykonos Chair,comarx,https://www.reddit.com/r/reddit.com/comments/broth/mykonos_chair/,https://www.metropolitandecor.com/701150.html
brown,2,trees,OCBs,Littlebigman174,https://www.reddit.com/r/trees/comments/brown/ocbs/,https://www.reddit.com/r/trees/comments/brown/ocbs/
built,0,reddit.com,Eonon Newly Launched D2205 with Wow Factors for in Car Entertainment,Silena,https://www.reddit.com/r/reddit.com/comments/built/eonon_newly_launched_d2205_with_wow_factors_for/,http://www.pr-inside.com/eonon-newly-launched-d2205-with-wow-r1844375.htm
cabin,1,reddit.com,Keanu Reeves Has Pitti for 'Passengers',braganclbeyqua,https://www.reddit.com/r/reddit.com/comments/cabin/keanu_reeves_has_pitti_for_passengers/,http://gallerykeanu.blogspot.com/2010/05/keanu-reeves-has-pitti-for.html
caked,1,pics,Conan O'Brien at Radio City,evabin,https://www.reddit.com/r/pics/comments/caked/conan_obrien_at_radio_city/,http://www.wcbs880.com/pages/7374874.php
caned,1,politics,Former Florida Republican Chairman Jim Greer arrested,flpatriot_,https://www.reddit.com/r/politics/comments/caned/former_florida_republican_chairman_jim_greer/,http://customwire.ap.org/dynamic/stories/F/FL_GREER_ARREST_FLOL-?SITE=FLPET&SECTION=HOME&TEMPLATE=DEFAULT&CTIME=2010-06-02-10-13-32
canon,1,science,Body’s own stem cells used to grow teeth in mouth.,,https://www.reddit.com/r/science/comments/canon/bodys_own_stem_cells_used_to_grow_teeth_in_mouth/,http://singularityhub.com/2010/06/01/bodys-own-stem-cells-used-to-grow-teeth-in-mouth
caret,1,reddit.com,A walk through the cemetary!,tumblingup,https://www.reddit.com/r/reddit.com/comments/caret/a_walk_through_the_cemetary/,http://www.drunkduck.com/The_Horribles/index.php?p=645434
champ,1,reddit.com,"Not only do I share a last name with this guy, but he has the greatest reason for winning a Medal of Honor.",MrRedneck,https://www.reddit.com/r/reddit.com/comments/champ/not_only_do_i_share_a_last_name_with_this_guy_but/,http://www.cmohs.org/recipient-detail/245/chapman-john.php
cheap,2,reddit.com,Rent Your Black Breasts to Me (SFW),walktherat,https://www.reddit.com/r/reddit.com/comments/cheap/rent_your_black_breasts_to_me_sfw/,http://columbus.craigslist.org/adg/1801864318.html
child,1,entertainment,Miley Cyrus Showing Skin At The MuchMusic Awards--She Keeps 'Em Talking!! [PHOTOS],christy5150,https://www.reddit.com/r/entertainment/comments/child/miley_cyrus_showing_skin_at_the_muchmusic/,http://celebs.gather.com/viewArticle.action?articleId=281474978318091
cleat,3,AskReddit,"Reddit, what is a really good book on epistemology?",milliganpierce,https://www.reddit.com/r/AskReddit/comments/cleat/reddit_what_is_a_really_good_book_on_epistemology/,https://www.reddit.com/r/AskReddit/comments/cleat/reddit_what_is_a_really_good_book_on_epistemology/
coned,1,optionstrading,"Bought QQQQ August 2010 44 put @ 1.05, Bought SPY August 2010 106 put @ 2.45",,https://www.reddit.com/r/optionstrading/comments/coned/bought_qqqq_august_2010_44_put_105_bought_spy/,http://www.optionstradingnow.com/2010/07/options-trading_12.html#comments
cough,0,reddit.com,"MONKEYS MAY WAGE WAR ON HUMANS, ARMAGEDDON TO ENSUE",skarface6,https://www.reddit.com/r/reddit.com/comments/cough/monkeys_may_wage_war_on_humans_armageddon_to_ensue/,http://www.wnd.com/index.php?fa=PAGE.view&pageId=177769
crept,1,reddit.com,"Indicted Councilwoman Holton pays $4,000 in legal fees from campaign funds",,https://www.reddit.com/r/reddit.com/comments/crept/indicted_councilwoman_holton_pays_4000_in_legal/,http://www.examiner.com/examiner/x-58012-Baltimore-Campaign-Finance-Examiner~y2010m7d19-Indicted-Councilwoman-Holton-pays-legal-fees-for-her-campaign-account
crowd,2,pics,Best Engagement Photos.  Ever.,,https://www.reddit.com/r/pics/comments/crowd/best_engagement_photos_ever/,http://tanjalippertphotography.blogspot.com/2008/09/greatest-engagement-session-ever.html
cured,0,WhiteNationalism,"This Week in Disorganized America, Jul. 23, 2010
July 23, 2010 · 
Prior to Mishko interviewing Randy Gray, it was the best episode of This Week in Disorganized VoR in a long time. Thank goodness we don’t have a problem with being disorganized.
Mishko & Randy Gray discuss:
Everything under the sun",Occidentalist,https://www.reddit.com/r/WhiteNationalism/comments/cured/this_week_in_disorganized_america_jul_23_2010/,http://reasonradionetwork.com/?p=8678
davit,0,food,6 Tasty Tips To Get Kids To Eat More Leafy Greens,torymcbroom,https://www.reddit.com/r/food/comments/davit/6_tasty_tips_to_get_kids_to_eat_more_leafy_greens/,http://www.mommydoodles.com/2010/09/6-tasty-tips-to-get-kids-to-eat-more.html
deist,1,comics,I present my first comic ever. What do you think?,MemeTLDR,https://www.reddit.com/r/comics/comments/deist/i_present_my_first_comic_ever_what_do_you_think/,http://imgur.com/Cn3Au.jpg
demon,1,reddit.com,Your Guide to The Best Golf Destinations in Hawaii,hawaiigolf22,https://www.reddit.com/r/reddit.com/comments/demon/your_guide_to_the_best_golf_destinations_in_hawaii/,http://www.hawaiiguideme.com/2010/09/09/your-guide-to-the-best-golf-destinations-in-hawaii/
dined,0,gaming,Minecraft problems...,shubbard86,https://www.reddit.com/r/gaming/comments/dined/minecraft_problems/,https://www.reddit.com/r/gaming/comments/dined/minecraft_problems/
dived,2,politics,"NV Sen: Angle says woman attacked at event by tea bagger thug Was asking for it
",cahuenga,https://www.reddit.com/r/politics/comments/dived/nv_sen_angle_says_woman_attacked_at_event_by_tea/,http://www.pensitoreview.com/2010/09/25/nv-sen-angle-says-woman-attacked-at-event-by-tea-bagger-thug-was-asking-for-it/
doyen,1,reddit.com,Vuokrataan m�kki - Finland cabin rent - Details -,petreydone,https://www.reddit.com/r/reddit.com/comments/doyen/vuokrataan_mkki_finland_cabin_rent_details/,http://www.webtwodirectory.com/detail/link-65119.html
dozen,1,reddit.com,How to Choose a Roof Contractor,VASHTI_Hobson,https://www.reddit.com/r/reddit.com/comments/dozen/how_to_choose_a_roof_contractor/,http://www.howy.org/home/how-to-choose-roofing-contractor.html
draft,1,Music,Live Collection: Wilco | Cover Me,the3penguins,https://www.reddit.com/r/Music/comments/draft/live_collection_wilco_cover_me/,http://www.covermesongs.com/2010/10/live-collection-wilco.html
drift,1,Loans,More on applying for the Payday loans,rosieskylar01,https://www.reddit.com/r/Loans/comments/drift/more_on_applying_for_the_payday_loans/,https://www.reddit.com/r/Loans/comments/drift/more_on_applying_for_the_payday_loans/
druid,2,pics,What the hell are you look at at?,sisko2k5,https://www.reddit.com/r/pics/comments/druid/what_the_hell_are_you_look_at_at/,http://www.flickr.com/photos/cornie/4660332681/lightbox/
ducat,0,reddit.com,Austin Texas Packing Services Help Facilitate Your Move,aandbmovers,https://www.reddit.com/r/reddit.com/comments/ducat/austin_texas_packing_services_help_facilitate/,https://www.reddit.com/r/reddit.com/comments/ducat/austin_texas_packing_services_help_facilitate/
durst,0,reddit.com,Energy Alternatives India,altenergygeek,https://www.reddit.com/r/reddit.com/comments/durst/energy_alternatives_india/,http://www.eai.in
dwelt,1,reddit.com,Are Governments Immune From The Revelations of the Internet?...,plusultratech,https://www.reddit.com/r/reddit.com/comments/dwelt/are_governments_immune_from_the_revelations_of/,http://www.plusultratech.com/2010/10/are-governments-immune-from-revelations_24.html
earth,0,SOS,"Alex Jones Tv - Ron Paul: Victim Of TSA Abuse, Calls For Boycott Of Airlines - November 23, 2010",,https://www.reddit.com/r/SOS/comments/earth/alex_jones_tv_ron_paul_victim_of_tsa_abuse_calls/,http://www.youtube.com/watch?v=AzPe515C1gI
eased,3,gaming,Microsoft Takes Serious Slice out of Halo Wars With Online Changes | Gnews,BlankVerse,https://www.reddit.com/r/gaming/comments/eased/microsoft_takes_serious_slice_out_of_halo_wars/,http://gnews.com/microsoft-takes-serious-slice-out-of-halo-wars-with-online-changes-17201026111222/
eclat,1,Minecraft,Minecraft Backpack Recipe Proposal,guppyguppy,https://www.reddit.com/r/Minecraft/comments/eclat/minecraft_backpack_recipe_proposal/,https://www.reddit.com/r/Minecraft/comments/eclat/minecraft_backpack_recipe_proposal/
event,1,iphone,One click tethered boot for iOS 4.2.1 jailbroken iDevices,,https://www.reddit.com/r/iphone/comments/event/one_click_tethered_boot_for_ios_421_jailbroken/,https://www.reddit.com/r/iphone/comments/event/one_click_tethered_boot_for_ios_421_jailbroken/
evict,3,news,Leading conservatives openly support a Terrorist group - Terrorism - Salon.com,,https://www.reddit.com/r/news/comments/evict/leading_conservatives_openly_support_a_terrorist/,http://www.salon.com/news/terrorism/index.html?story=/opinion/greenwald/2011/01/03/fran_townsend_terrorism
faith,9,gamingnews,"Pokemon Black and White getting PC connectivity, exclusive web content ",Frustrated_Grunt,https://www.reddit.com/r/gamingnews/comments/faith/pokemon_black_and_white_getting_pc_connectivity/,http://www.joystiq.com/2011/01/27/pokemon-black-and-white-getting-pc-connectivity-exclusive-web-c/#continued
faked,1,business,"Stamford CT Lawyer
",,https://www.reddit.com/r/business/comments/faked/stamford_ct_lawyer/,http://www.attorneydavidrubin.com
feint,1,reddit.com,Glasgow Bridal,ianandkaren,https://www.reddit.com/r/reddit.com/comments/feint/glasgow_bridal/,http://www.answerbag.com/profile/1471539
felon,27,worldnews,"The Egyptian government broadened its crackdown on Thursday to the international news media and human rights workers, in an apparent effort to remove witnesses to the battle with antigovernment protesters...",,https://www.reddit.com/r/worldnews/comments/felon/the_egyptian_government_broadened_its_crackdown/,http://www.nytimes.com/2011/02/04/world/middleeast/04egypt.html?_r=1&hp
fetid,1,reddit.com,Redditors need to use the search engine to maximize circlejerking into one thread.,Lynzh,https://www.reddit.com/r/reddit.com/comments/fetid/redditors_need_to_use_the_search_engine_to/,http://www.reddit.com/search?q=wikileaks+nobel
fiord,1,reddit.com,Web designing mistakes explained by Dr Dave chaffey,websuperia,https://www.reddit.com/r/reddit.com/comments/fiord/web_designing_mistakes_explained_by_dr_dave/,http://www.websuperia.com/blog/2011/web-designing-mistakes-explained-by-dr-dave-chaffey/
fixed,0,AskReddit,Please Help Me Name My New Kitten,MzLotusDragon,https://www.reddit.com/r/AskReddit/comments/fixed/please_help_me_name_my_new_kitten/,https://www.reddit.com/r/AskReddit/comments/fixed/please_help_me_name_my_new_kitten/
flied,3,nsfw,Marvelous cam show -- who IS this?!,zephyrtr,https://www.reddit.com/r/nsfw/comments/flied/marvelous_cam_show_who_is_this/,http://www.spankwire.com/Hot-Brunette-in-sexy-dress/video241545/
floyd,1,news,Who knew Bieber fans knew how to edit Wikipedia?,sc123,https://www.reddit.com/r/news/comments/floyd/who_knew_bieber_fans_knew_how_to_edit_wikipedia/,http://www.npr.org/blogs/monkeysee/2011/02/14/133747999/dont-deface-wikipedia-pages-justin-bieber-people-its-not-dignified
fluid,0,gaming,"One reason I love game piracy, is the badass keygen/installer music.",,https://www.reddit.com/r/gaming/comments/fluid/one_reason_i_love_game_piracy_is_the_badass/,http://imgur.com/izxq6
foxed,0,pics,Made this Aliens & Star Wars card for friend's Bday!,Epicview,https://www.reddit.com/r/pics/comments/foxed/made_this_aliens_star_wars_card_for_friends_bday/,http://imgur.com/9TQue
freon,1,Music,"New City & Colour album, ""Little Hell"" out in June!",Enage,https://www.reddit.com/r/Music/comments/freon/new_city_colour_album_little_hell_out_in_june/,http://www.cityandcolour.ca/
fresh,11,reddit.com,"Why are Libya's soldiers willing to fire on their own people when Egypt's refused? Because the ones doing the shooting are not Libyans, they're mercenaries being paid $2k day by Gaddafi's son",spambypsychoass,https://www.reddit.com/r/reddit.com/comments/fresh/why_are_libyas_soldiers_willing_to_fire_on_their/,http://news.yahoo.com/s/time/20110223/wl_time/08599205310700
front,9,gaymers,Cool Court,,https://www.reddit.com/r/gaymers/comments/front/cool_court/,http://www.youtube.com/watch?v=7symlPXOR3g
getup,2,SF4,Other games to use with my new fight stick?,woah_man,https://www.reddit.com/r/SF4/comments/getup/other_games_to_use_with_my_new_fight_stick/,https://www.reddit.com/r/SF4/comments/getup/other_games_to_use_with_my_new_fight_stick/
girth,1,WTF,Need a new breast friend?,Jawbroken88,https://www.reddit.com/r/WTF/comments/girth/need_a_new_breast_friend/,http://www.amazon.com/Breast-Friend-Pillow-Companion-Girlfriend/dp/B004D63VXK/ref=cm_cr_pr_product_top
gnawn,1,reddit.com,"Tesla Secret, An Honest Review",hankiles,https://www.reddit.com/r/reddit.com/comments/gnawn/tesla_secret_an_honest_review/,http://www.teslasecrethonestreview.com
gonad,7,pics,I propose we redraw the national borders something like this...,,https://www.reddit.com/r/pics/comments/gonad/i_propose_we_redraw_the_national_borders/,http://imgur.com/VTubo
great,35,Libertarian,"War in Libya, where are the protesters?",TheUKLibertarian,https://www.reddit.com/r/Libertarian/comments/great/war_in_libya_where_are_the_protesters/,http://theuklibertarian.com/2011/04/16/war-in-libya-where-are-the-protesters/
green,24,Libertarian,"TransCanada orders Americans to sell homes for pipeline, or they'll take them",Mind_Virus,https://www.reddit.com/r/Libertarian/comments/green/transcanada_orders_americans_to_sell_homes_for/,http://www.chron.com/disp/story.mpl/ap/tx/7521946.html
grind,1,gaming,Dexter plays a game we're all familiar with...,maip23,https://www.reddit.com/r/gaming/comments/grind/dexter_plays_a_game_were_all_familiar_with/,https://www.youtube.com/watch?feature=player_embedded&v=pns5p2coig8
guard,11,pics,How pumpkin pie is made.,letsdocoke,https://www.reddit.com/r/pics/comments/guard/how_pumpkin_pie_is_made/,http://www.fohguild.org/forums/attachments/screenshots/125908d1258758474-funny-strange-random-pics-pumpkin-pie.jpg
guest,16,buildapc,What is a good graphics card that isn't too expensive?,MNM1245,https://www.reddit.com/r/buildapc/comments/guest/what_is_a_good_graphics_card_that_isnt_too/,https://www.reddit.com/r/buildapc/comments/guest/what_is_a_good_graphics_card_that_isnt_too/
hadnt,1,fffffffuuuuuuuuuuuu,This is my friend Chris. Does he look familiar?,,https://www.reddit.com/r/fffffffuuuuuuuuuuuu/comments/hadnt/this_is_my_friend_chris_does_he_look_familiar/,http://imgur.com/VDz30
hasnt,1,contactjuggling,Contact Juggling Collaboration Video 2010,modulemodule,https://www.reddit.com/r/contactjuggling/comments/hasnt/contact_juggling_collaboration_video_2010/,https://www.reddit.com/r/contactjuggling/comments/hasnt/contact_juggling_collaboration_video_2010/
heart,10,fffffffuuuuuuuuuuuu,Really Arnold?...............Really?,FMeff11,https://www.reddit.com/r/fffffffuuuuuuuuuuuu/comments/heart/really_arnoldreally/,http://imgur.com/BZX9l
helen,5,WeAreTheMusicMakers,"Im not here to get fans, I'd just like some feedback on my mixing technique on my new tracks. Thanks :)",endthe,https://www.reddit.com/r/WeAreTheMusicMakers/comments/helen/im_not_here_to_get_fans_id_just_like_some/,http://soundcloud.com/endthenoise/sets
hight,5,AskReddit,Why are the buttons on women's dress shirts on different sides than on men's dress shirts?,namcor,https://www.reddit.com/r/AskReddit/comments/hight/why_are_the_buttons_on_womens_dress_shirts_on/,https://www.reddit.com/r/AskReddit/comments/hight/why_are_the_buttons_on_womens_dress_shirts_on/
hooch,1,Homebrewing,Skeeter Pee.  Alternate update.,banjeed,https://www.reddit.com/r/Homebrewing/comments/hooch/skeeter_pee_alternate_update/,https://www.reddit.com/r/Homebrewing/comments/hooch/skeeter_pee_alternate_update/
humph,8,battlestations,My battlestation - simple but effective.,conceitedone,https://www.reddit.com/r/battlestations/comments/humph/my_battlestation_simple_but_effective/,http://i.imgur.com/dLXPG.jpg
hyped,0,fffffffuuuuuuuuuuuu,How I've felt about the news this year...,,https://www.reddit.com/r/fffffffuuuuuuuuuuuu/comments/hyped/how_ive_felt_about_the_news_this_year/,http://imgur.com/mYQns
idiot,12,Omaha,Future Meetup Location Suggestions,,https://www.reddit.com/r/Omaha/comments/idiot/future_meetup_location_suggestions/,https://www.reddit.com/r/Omaha/comments/idiot/future_meetup_location_suggestions/
jabot,24,fffffffuuuuuuuuuuuu,There's a reason I wear my hair this way.,OhJayEee,https://www.reddit.com/r/fffffffuuuuuuuuuuuu/comments/jabot/theres_a_reason_i_wear_my_hair_this_way/,http://i.imgur.com/zbLRv.png
jaunt,6,PoliticsPDFs,(The ignored) Report of the National Commission on Fiscal Responsibility and Reform (December 2010),surgeon_general,https://www.reddit.com/r/PoliticsPDFs/comments/jaunt/the_ignored_report_of_the_national_commission_on/,http://www.fiscalcommission.gov/sites/fiscalcommission.gov/files/documents/TheMomentofTruth12_1_2010.pdf
jawed,0,vegan,Why should I be vegan?,Yatsutora,https://www.reddit.com/r/vegan/comments/jawed/why_should_i_be_vegan/,https://www.reddit.com/r/vegan/comments/jawed/why_should_i_be_vegan/
juked,4,videography,Skateboards Inspire Cameras for a New Age,Jakeboomah,https://www.reddit.com/r/videography/comments/juked/skateboards_inspire_cameras_for_a_new_age/,http://www.austinpost.org/content/camera-equipment-a-new-age
kaput,0,reddit.com,"Do you guys think the NYC bomb threat is real, or just another plot to scare citizens?",rajuncagin,https://www.reddit.com/r/reddit.com/comments/kaput/do_you_guys_think_the_nyc_bomb_threat_is_real_or/,http://www.foxnews.com/us/2011/09/09/officials-chase-unconfirmed-al-qaida-bomb-threat/
ketch,2,pics,The new TMNT is starting off right,urza2k4,https://www.reddit.com/r/pics/comments/ketch/the_new_tmnt_is_starting_off_right/,http://imgur.com/czgu1
kited,1,reddit.com,do you need your stuff zebrafied?,DudemanSauce,https://www.reddit.com/r/reddit.com/comments/kited/do_you_need_your_stuff_zebrafied/,http://youtu.be/mESsMGUVNEA
knelt,1,PointsPlus,What would you suggest...?,jeff25624,https://www.reddit.com/r/PointsPlus/comments/knelt/what_would_you_suggest/,https://www.reddit.com/r/PointsPlus/comments/knelt/what_would_you_suggest/
knish,6,harrypotter,Everyday I'm Dumblin',Injustice-Shall-Fall,https://www.reddit.com/r/harrypotter/comments/knish/everyday_im_dumblin/,http://www.damnlol.com/everyday-im-dumblin-6578.html
laked,1,legal,Garden Furniture,roland86e,https://www.reddit.com/r/legal/comments/laked/garden_furniture/,http://www.gardenandfurniture.eu/
lased,2,tf2trade,"[H] Cheap Stranges, Hats, Villain's Veil [W] Metal/Keys ",,https://www.reddit.com/r/tf2trade/comments/lased/h_cheap_stranges_hats_villains_veil_w_metalkeys/,https://www.reddit.com/r/tf2trade/comments/lased/h_cheap_stranges_hats_villains_veil_w_metalkeys/
latin,6,Green,Green Construction Today: Take LEED,WMThinkGreen,https://www.reddit.com/r/Green/comments/latin/green_construction_today_take_leed/,http://www.triplepundit.com/podium/green-construction-today-leed/
leapt,78,cableporn,Spaghetti [NSFW],grapejuice,https://www.reddit.com/r/cableporn/comments/leapt/spaghetti_nsfw/,http://i.imgur.com/TdcRd.jpg
least,0,AskReddit,What is the most authentic ghost footage ever captured on film that is clear to look at and has not been proven fake?,,https://www.reddit.com/r/AskReddit/comments/least/what_is_the_most_authentic_ghost_footage_ever/,https://www.reddit.com/r/AskReddit/comments/least/what_is_the_most_authentic_ghost_footage_ever/
linen,0,nsfw,Gaddafi was captured in a concrete pipe???WTF? NSFW pic,sebastianallan,https://www.reddit.com/r/nsfw/comments/linen/gaddafi_was_captured_in_a_concrete_pipewtf_nsfw/,http://www.gettyimages.co.uk/detail/129722523/AFP
logan,2,Urbandead,"Is Bum Tickley a real reddit_survivors members?
Because he have just randomly killed me and my friend",superstepa,https://www.reddit.com/r/Urbandead/comments/logan/is_bum_tickley_a_real_reddit_survivors_members/,https://www.reddit.com/r/Urbandead/comments/logan/is_bum_tickley_a_real_reddit_survivors_members/
lurid,1,HomeworkHelp,Math article required.,tcyps,https://www.reddit.com/r/HomeworkHelp/comments/lurid/math_article_required/,https://www.reddit.com/r/HomeworkHelp/comments/lurid/math_article_required/
marsh,2,trees,Any other ents in love with Joni?,,https://www.reddit.com/r/trees/comments/marsh/any_other_ents_in_love_with_joni/,https://www.reddit.com/r/trees/comments/marsh/any_other_ents_in_love_with_joni/
mazed,1552,pics,Dog sleeping in the Heather,syuk,https://www.reddit.com/r/pics/comments/mazed/dog_sleeping_in_the_heather/,http://i.imgur.com/bXdn9.jpg
meted,1,camping,This is how we light camp fires in Canada!,,https://www.reddit.com/r/camping/comments/meted/this_is_how_we_light_camp_fires_in_canada/,http://i.imgur.com/JnEDX.jpg
might,0,animation,Brutal Feedback Needed,,https://www.reddit.com/r/animation/comments/might/brutal_feedback_needed/,http://vimeo.com/32172144
moist,1,Economics,"Overseas Stakes in India Retailers Cleared - ""Wal-Mart and Carrefour SA (CA) have been seeking to enter the world’s second-most populous nation to tap a market expected to double to $785 billion by 2015 from $396 billion this year""",salvia_d,https://www.reddit.com/r/Economics/comments/moist/overseas_stakes_in_india_retailers_cleared/,http://www.bloomberg.com/news/2011-11-24/indian-government-gives-approval-to-51-foreign-investment-in-retailing.html
mooed,1,WTF,Does Surviving Infidelity Mean Leaving For Good?,,https://www.reddit.com/r/WTF/comments/mooed/does_surviving_infidelity_mean_leaving_for_good/,http://bit.ly/vDQQna
mount,0,funny,My friend went to harrods today to check off something on the bucket list (Harrods is the place the queen of england shops- super fancy),zooba86,https://www.reddit.com/r/funny/comments/mount/my_friend_went_to_harrods_today_to_check_off/,http://imgur.com/36k2I
mulct,0,atheism,No one cares,,https://www.reddit.com/r/atheism/comments/mulct/no_one_cares/,https://www.reddit.com/r/atheism/comments/mulct/no_one_cares/
munch,1,AskReddit,Why does Reddit feel the need to bash on anyone who goes to an Ivy League?,calfonso,https://www.reddit.com/r/AskReddit/comments/munch/why_does_reddit_feel_the_need_to_bash_on_anyone/,https://www.reddit.com/r/AskReddit/comments/munch/why_does_reddit_feel_the_need_to_bash_on_anyone/
mured,1,technology,Demo video for my new site (all feedback welcome),Splingit44,https://www.reddit.com/r/technology/comments/mured/demo_video_for_my_new_site_all_feedback_welcome/,http://spling.com/view/51/
oared,6,hockey,What do you think of 'The Hockey News' and whats the cheapest subscription I can get?,,https://www.reddit.com/r/hockey/comments/oared/what_do_you_think_of_the_hockey_news_and_whats/,https://www.reddit.com/r/hockey/comments/oared/what_do_you_think_of_the_hockey_news_and_whats/
octet,28,Charleston,Charleston Skyline (I'll add more stuff to this post later),chapisbored,https://www.reddit.com/r/Charleston/comments/octet/charleston_skyline_ill_add_more_stuff_to_this/,http://i.imgur.com/YujNI.jpg
onset,9,wallpaper,[Request] New Helix Nebula picture 1440X900?,guitarist4life9,https://www.reddit.com/r/wallpaper/comments/onset/request_new_helix_nebula_picture_1440x900/,http://i.space.com/images/i/14573/iFF/vista-helix-nebula.jpg?1326839542
paced,5,tf2trade,[Store] Dirty Hat Store!!!!,Dse2012,https://www.reddit.com/r/tf2trade/comments/paced/store_dirty_hat_store/,https://www.reddit.com/r/tf2trade/comments/paced/store_dirty_hat_store/
paged,1,buildapc,"So there's this local ad someone posted, and I tried to rebuild it using pcpartspicker.  Can someone look over this, and help me decide whether to buy from this guy or to build my own?",,https://www.reddit.com/r/buildapc/comments/paged/so_theres_this_local_ad_someone_posted_and_i/,https://www.reddit.com/r/buildapc/comments/paged/so_theres_this_local_ad_someone_posted_and_i/
patch,53,WTF,"Cop pulls over Latino woman. Beats her, forces her to give him her cell phone, smashes and destroys cell phone (recovered later with evidence still in tact), demands her “green card” and when she presented it, he threw it in her face. ",Mind_Virus,https://www.reddit.com/r/WTF/comments/patch/cop_pulls_over_latino_woman_beats_her_forces_her/,http://beatyourselfup.tumblr.com/post/17020084792/cop-pulls-over-latino-woman-beats-her-forces-her
payed,436,aww,First few posts didn't go over so well. F*ck it.,edookatedfool,https://www.reddit.com/r/aww/comments/payed/first_few_posts_didnt_go_over_so_well_fck_it/,http://imgur.com/9Basx
plaid,0,AdviceAnimals,I cant be the only one who does this..please tell me i'm not the only one..,,https://www.reddit.com/r/AdviceAnimals/comments/plaid/i_cant_be_the_only_one_who_does_thisplease_tell/,http://qkme.me/361tlo?id=191561244
plait,1,videos,Sounds of a man on steroids,SatansLaugh,https://www.reddit.com/r/videos/comments/plait/sounds_of_a_man_on_steroids/,http://www.youtube.com/watch?v=BeqRGaLBIlA
plumb,0,atheism,"""Look at those eyebrows bro, that's a man's man""",,https://www.reddit.com/r/atheism/comments/plumb/look_at_those_eyebrows_bro_thats_a_mans_man/,http://i.imgur.com/76LUj.jpg
plush,0,HITsWorthTurkingFor,Consumer Experience Evaluation - 5 Minutes - $0.50,talkingwires,https://www.reddit.com/r/HITsWorthTurkingFor/comments/plush/consumer_experience_evaluation_5_minutes_050/,https://www.reddit.com/r/HITsWorthTurkingFor/comments/plush/consumer_experience_evaluation_5_minutes_050/
pooch,0,AskReddit,"Well it's officially Valentine's Day, what are your plans?",,https://www.reddit.com/r/AskReddit/comments/pooch/well_its_officially_valentines_day_what_are_your/,https://www.reddit.com/r/AskReddit/comments/pooch/well_its_officially_valentines_day_what_are_your/
posed,32,GaymersGoneMild,You guys are some of the nicest people I've ever seen. Hello from WV! =),,https://www.reddit.com/r/GaymersGoneMild/comments/posed/you_guys_are_some_of_the_nicest_people_ive_ever/,http://imgur.com/98zDW
posit,1,technology,Iphone Handyvertrag kaufen bei Business-Handy.com mit Auszahlung!,gabirshollo4,https://www.reddit.com/r/technology/comments/posit/iphone_handyvertrag_kaufen_bei_businesshandycom/,http://www.m-roomstyle.de/
pried,1,askscience,A couple of questions concerning particle physics,,https://www.reddit.com/r/askscience/comments/pried/a_couple_of_questions_concerning_particle_physics/,https://www.reddit.com/r/askscience/comments/pried/a_couple_of_questions_concerning_particle_physics/
quiet,0,WTF,What exactly is going on here?,pminkin,https://www.reddit.com/r/WTF/comments/quiet/what_exactly_is_going_on_here/,http://i.imgur.com/VBjgK.jpg
quoin,1,funny,Cant unsee,Greg33,https://www.reddit.com/r/funny/comments/quoin/cant_unsee/,http://i.imgur.com/GyqE2.png
quoit,1,worldnews,collection agency,comrj4mercialde,https://www.reddit.com/r/worldnews/comments/quoit/collection_agency/,http://www.rapidrecoverysolution.com
radon,1,GlobalOffensive,Movement in CS:GO,,https://www.reddit.com/r/GlobalOffensive/comments/radon/movement_in_csgo/,http://blog.counter-strike.net/index.php/2012/03/movement/
react,0,misc,"Um, sooo, this subreddit exists...",chrunchy,https://www.reddit.com/r/misc/comments/react/um_sooo_this_subreddit_exists/,https://pay.reddit.com/r/zombiesgonewild
rerun,0,fffffffuuuuuuuuuuuu,Gag Rage,,https://www.reddit.com/r/fffffffuuuuuuuuuuuu/comments/rerun/gag_rage/,http://imgur.com/zuD4O
retch,3,AdviceAnimals,Credit to Reddit,baserunner107,https://www.reddit.com/r/AdviceAnimals/comments/retch/credit_to_reddit/,http://www.quickmeme.com/meme/3ohdt6/
rhomb,1,Lineage2,Anyone willing to play with me?,genlee,https://www.reddit.com/r/Lineage2/comments/rhomb/anyone_willing_to_play_with_me/,https://www.reddit.com/r/Lineage2/comments/rhomb/anyone_willing_to_play_with_me/
rived,0,wow,Pandaren Shaman Totems :D,,https://www.reddit.com/r/wow/comments/rived/pandaren_shaman_totems_d/,http://24.media.tumblr.com/tumblr_m1mqi4tGsK1qb8fy8o1_500.jpg
riven,1,PLNU,Someone From the Infobooth is one of us...,KyleCrysCologne,https://www.reddit.com/r/PLNU/comments/riven/someone_from_the_infobooth_is_one_of_us/,http://imgur.com/bYeng
rough,6,AdviceAnimals,April First World Problem,,https://www.reddit.com/r/AdviceAnimals/comments/rough/april_first_world_problem/,http://imgur.com/T4yvS
roved,0,politics,"American exceptionalism, a retort",hivemind6,https://www.reddit.com/r/politics/comments/roved/american_exceptionalism_a_retort/,https://www.reddit.com/r/politics/comments/roved/american_exceptionalism_a_retort/
salad,0,AskReddit,"I'VE TRIED TO FIND THE ANSWER TO THIS QUESTIONS SO MANY TIMES!!!!  There are a lot of stories/books/movies where people sell their soul to Satan for a wish of some sort.  Which one was the original?  Also, have anyone of you done it in real life?  ",JFREEDOML,https://www.reddit.com/r/AskReddit/comments/salad/ive_tried_to_find_the_answer_to_this_questions_so/,https://www.reddit.com/r/AskReddit/comments/salad/ive_tried_to_find_the_answer_to_this_questions_so/
scalp,1,mazaodds,Kanye West DW Fashion Line | Online News,RedditTeam,https://www.reddit.com/r/mazaodds/comments/scalp/kanye_west_dw_fashion_line_online_news/,http://todaynewsgazette.com/entertainment-news/kanye-west-dw-fashion-line/
scoop,1,funny,It's Meme Club - This week Grand  Theft Auto is presented in all its memefied glory!,tommccarthyirl,https://www.reddit.com/r/funny/comments/scoop/its_meme_club_this_week_grand_theft_auto_is/,http://cork.studenty.me/2012/04/16/meme-club-04-grand-theft-auto/
sheen,0,pics,"Is it me, or is this thing creepy as all hell?",Asendian,https://www.reddit.com/r/pics/comments/sheen/is_it_me_or_is_this_thing_creepy_as_all_hell/,http://media.treehugger.com/assets/images/2011/10/goliath-tigerfish.jpg
shoed,1,science,What is hydrophilic Substance | Hydrophilic Material | Hydrophilcity | Hydrophilic Group |Lipophlic,gntripathi,https://www.reddit.com/r/science/comments/shoed/what_is_hydrophilic_substance_hydrophilic/,http://wp.me/p1TXKE-c0
shown,13,space,"NASA's Dawn mission has received official confirmation that 40 extra days have been added to its exploration of the giant asteroid Vesta, the second most massive object in the main asteroid belt.",DrJulianBashir,https://www.reddit.com/r/space/comments/shown/nasas_dawn_mission_has_received_official/,http://phys.org/news/2012-04-dawn-extra-explore-vesta.html
shunt,12,pics,"Science, making the impossible possible...",AdamVR4,https://www.reddit.com/r/pics/comments/shunt/science_making_the_impossible_possible/,http://i.imgur.com/QEDVb.jpg
skein,20,pics,Tsar Photobomba,SayNoToMitchDigger,https://www.reddit.com/r/pics/comments/skein/tsar_photobomba/,http://i.minus.com/ibe9HyGoHGA0XV.gif
slurp,1,surfing,The five most spectacular surfing wipeouts of past year (video),mcd_sweet_tea,https://www.reddit.com/r/surfing/comments/slurp/the_five_most_spectacular_surfing_wipeouts_of/,http://www.grindtv.com/outdoor/blog/33346/the+five+most+spectacular+surfing+wipeouts+of+past+year+video/
smart,0,listentothis,Lewis Watson - Bones,,https://www.reddit.com/r/listentothis/comments/smart/lewis_watson_bones/,http://www.youtube.com/watch?v=KLFKL46ubW4&feature=related
smith,45,SuicideWatch,Planning on killing myself in one hour,sw_throwaway1,https://www.reddit.com/r/SuicideWatch/comments/smith/planning_on_killing_myself_in_one_hour/,https://www.reddit.com/r/SuicideWatch/comments/smith/planning_on_killing_myself_in_one_hour/
snath,0,AskReddit,"Reddit, who are your ""top 5"" I'll start",,https://www.reddit.com/r/AskReddit/comments/snath/reddit_who_are_your_top_5_ill_start/,https://www.reddit.com/r/AskReddit/comments/snath/reddit_who_are_your_top_5_ill_start/
snout,6,UMiami,Help Support Ms. Betty and the other Chartwells workers fight for their rights! Rally at the Rock at 3pm on Tuesday!,devilsavacadolarry,https://www.reddit.com/r/UMiami/comments/snout/help_support_ms_betty_and_the_other_chartwells/,https://www.facebook.com/events/208822649233042/
spend,11,fffffffuuuuuuuuuuuu,Best/worst memory of my life,Kfc1008,https://www.reddit.com/r/fffffffuuuuuuuuuuuu/comments/spend/bestworst_memory_of_my_life/,http://imgur.com/8XazX
spilt,0,FoodPorn,Hotdog Stuffed Crust Pizza - Imgur,nullandvoid1982,https://www.reddit.com/r/FoodPorn/comments/spilt/hotdog_stuffed_crust_pizza_imgur/,https://www.reddit.com/r/FoodPorn/comments/spilt/hotdog_stuffed_crust_pizza_imgur/
spurt,29,philadelphia,"Claude Giroux, nuff said.",iadtyjwu,https://www.reddit.com/r/philadelphia/comments/spurt/claude_giroux_nuff_said/,http://youtu.be/NQ62bIBDtbU
squat,0,AdviceAnimals,Game of Thrones = Boromir's Sidequest,AntiCitizenJuan,https://www.reddit.com/r/AdviceAnimals/comments/squat/game_of_thrones_boromirs_sidequest/,http://www.quickmeme.com/meme/3oyb8m/
squib,1,magicTCG,"Game mechanic for ""Outwit"" discussion.",Awsome_Redditor,https://www.reddit.com/r/magicTCG/comments/squib/game_mechanic_for_outwit_discussion/,https://www.reddit.com/r/magicTCG/comments/squib/game_mechanic_for_outwit_discussion/
swain,1,travel,Essential Travel Items for Flying Abroad,yotambutz,https://www.reddit.com/r/travel/comments/swain/essential_travel_items_for_flying_abroad/,http://www.airportparkingconnection.com/blog/post/2012/03/08/Essential-Travel-Items-for-Flying-Abroad.aspx
swamp,1,Tribes,Raider Cluster Nades,SobbyMcEmopants,https://www.reddit.com/r/Tribes/comments/swamp/raider_cluster_nades/,https://www.reddit.com/r/Tribes/comments/swamp/raider_cluster_nades/
swath,1,Guildwars2,How is it?,bnor9,https://www.reddit.com/r/Guildwars2/comments/swath/how_is_it/,https://www.reddit.com/r/Guildwars2/comments/swath/how_is_it/
synch,1,WWE,"Brock Lesnar fights John Cena, WWE Extreme Rules 2012 preview",,https://www.reddit.com/r/WWE/comments/synch/brock_lesnar_fights_john_cena_wwe_extreme_rules/,http://www.examiner.com/article/brock-lesnar-fights-john-cena-wwe-extreme-rules-2012-preview
synod,16,Scotch,Tyrconnell Irish Single Malt Review,xmendad,https://www.reddit.com/r/Scotch/comments/synod/tyrconnell_irish_single_malt_review/,http://awardrobeofwhisky.com/bottle/tyrconnell-irish-whiskey-main_image.jpg
taint,4,pics,Before reddit there was...,PocYo,https://www.reddit.com/r/pics/comments/taint/before_reddit_there_was/,http://math.ucsd.edu/~fan/ron/images/guiness.jpg
taxed,1,gonewild,nice melons,joahnafarce,https://www.reddit.com/r/gonewild/comments/taxed/nice_melons/,http://imagetwist.com/t7gfw3qqume0/1044309145.jpg.html
tenet,152,transgender,"My Dad saw me dressed for the first time. He was chatting to me for over 15 minutes before he realised i wasn't my sisters 'friend', and that i was his 'son'. LMAO",,https://www.reddit.com/r/transgender/comments/tenet/my_dad_saw_me_dressed_for_the_first_time_he_was/,http://samanthatgirl.blogspot.co.uk/2012/05/coming-out-to-my-dad-long-awaited-part.html
tepid,1,gaming,Want to make a great meal but still have time to game? This channel has awesome recipes that are quick to make while still allowing you to do your thing on the computer.,Random_Mochi,https://www.reddit.com/r/gaming/comments/tepid/want_to_make_a_great_meal_but_still_have_time_to/,http://www.youtube.com/user/GamerKitchen
thegn,4,ideasfortheadmins,Would any of you want a reddit live chat in each sub?,-laissez-faire-,https://www.reddit.com/r/ideasfortheadmins/comments/thegn/would_any_of_you_want_a_reddit_live_chat_in_each/,https://www.reddit.com/r/ideasfortheadmins/comments/thegn/would_any_of_you_want_a_reddit_live_chat_in_each/
theyd,3,AskWomen,Hello women of reddit. Would you lovely ladies help a helpless romantic?,Amonbofils,https://www.reddit.com/r/AskWomen/comments/theyd/hello_women_of_reddit_would_you_lovely_ladies/,https://www.reddit.com/r/AskWomen/comments/theyd/hello_women_of_reddit_would_you_lovely_ladies/
tinct,7,AskReddit,"At what point did you say, ""fuck it"" - and switch career paths?",,https://www.reddit.com/r/AskReddit/comments/tinct/at_what_point_did_you_say_fuck_it_and_switch/,https://www.reddit.com/r/AskReddit/comments/tinct/at_what_point_did_you_say_fuck_it_and_switch/
toned,0,China,China Politburo 2012 Leadership Change: Everything You Need To Know,jeffdanovich,https://www.reddit.com/r/China/comments/toned/china_politburo_2012_leadership_change_everything/,http://www.policymic.com/articles/8357/china-politburo-2012-leadership-change-everything-you-need-to-know
toyon,5,Assistance,"College student about to be homeless, need advice, donations, whatever (Louisiana)",,https://www.reddit.com/r/Assistance/comments/toyon/college_student_about_to_be_homeless_need_advice/,https://www.reddit.com/r/Assistance/comments/toyon/college_student_about_to_be_homeless_need_advice/
troop,1,forza,Forza Horizone Screenshot and Box Art drives in!,,https://www.reddit.com/r/forza/comments/troop/forza_horizone_screenshot_and_box_art_drives_in/,http://wp.me/p2nORN-hV
trust,117,mylittlepony,"Portrait of the Princesses (humanization by 
zelda994612)",,https://www.reddit.com/r/mylittlepony/comments/trust/portrait_of_the_princesses_humanization_by/,http://zelda994612.deviantart.com/art/Portrait-of-the-Princesses-302470034
twixt,1185,trees,"My reaction to peoples ""smoke spot"" pics",karsestar,https://www.reddit.com/r/trees/comments/twixt/my_reaction_to_peoples_smoke_spot_pics/,http://memegenerator.net/instance/20694094
union,1,exmormon,"PerezHilton.com promotes a MormonStories.org interview ... The circle is complete (or as Glenn Beck might characterize the moment: ""*We* *surround* *you*) ... On second thought, mentioning GB is a downer.  Benji rocks.  That's all.",Chino_Blanco,https://www.reddit.com/r/exmormon/comments/union/perezhiltoncom_promotes_a_mormonstoriesorg/,http://perezhilton.com/2012-06-05-so-you-think-you-can-dance-winner-benji-schwimmer-comes-out-as-gay
unlit,1,gaming,"I dont see the point in why people are complaining about the playstation wonderbook game, its just a game for children. get over it, whats so bad about it?",dwardu,https://www.reddit.com/r/gaming/comments/unlit/i_dont_see_the_point_in_why_people_are/,https://www.reddit.com/r/gaming/comments/unlit/i_dont_see_the_point_in_why_people_are/
unman,2,transgender,Prominent trans advocate arrested for graffiti following CeCe McDonald sentencing,lexiecannes,https://www.reddit.com/r/transgender/comments/unman/prominent_trans_advocate_arrested_for_graffiti/,http://lexiecannes.wordpress.com/2012/06/06/prominent-trans-advocate-arrested-for-graffiti-following-cece-mcdonald-sentencing/
upped,1,videos,"A very old movie about ""The Evolution of Man""",915855,https://www.reddit.com/r/videos/comments/upped/a_very_old_movie_about_the_evolution_of_man/,http://www.youtube.com/watch?v=4U3tl6aWc5k&feature=plcp
vault,78,IWantToLearn,IWTL how to not give a fuck about what people think about me.,newjackswingg,https://www.reddit.com/r/IWantToLearn/comments/vault/iwtl_how_to_not_give_a_fuck_about_what_people/,https://www.reddit.com/r/IWantToLearn/comments/vault/iwtl_how_to_not_give_a_fuck_about_what_people/
viced,1,sex,Can get an erection; Can't seem to ejaculate,,https://www.reddit.com/r/sex/comments/viced/can_get_an_erection_cant_seem_to_ejaculate/,https://www.reddit.com/r/sex/comments/viced/can_get_an_erection_cant_seem_to_ejaculate/
vised,6,PocketPlanes,Speed to Bux ratio?,harryd123,https://www.reddit.com/r/PocketPlanes/comments/vised/speed_to_bux_ratio/,https://www.reddit.com/r/PocketPlanes/comments/vised/speed_to_bux_ratio/
vivid,1,NSFW_SEXY_GIF,What really goes on in a tanning bed.,gerrard44,https://www.reddit.com/r/NSFW_SEXY_GIF/comments/vivid/what_really_goes_on_in_a_tanning_bed/,http://imagecherry.com/iftkzgiq9jof
voted,1,funny,anyone done this one yet?,therealjansen,https://www.reddit.com/r/funny/comments/voted/anyone_done_this_one_yet/,http://imgur.com/w14eA
wared,5,Braveryjerk,Wrote this song in 1901. Shit was Brave. Nigger. Uprons pls.,,https://www.reddit.com/r/Braveryjerk/comments/wared/wrote_this_song_in_1901_shit_was_brave_nigger/,http://imgur.com/sf7xu
whelp,2,TrueFilm,An interview on films produced by the collectivized Spanish film industry during the anarchist revolution.,andreasw,https://www.reddit.com/r/TrueFilm/comments/whelp/an_interview_on_films_produced_by_the/,https://www.reddit.com/r/TrueFilm/comments/whelp/an_interview_on_films_produced_by_the/
whist,10,pics,I see your corgis and raise you... A wiener and his sidekick.,littlemissmaze,https://www.reddit.com/r/pics/comments/whist/i_see_your_corgis_and_raise_you_a_wiener_and_his/,http://i.imgur.com/kGrFC.jpg
width,0,dayz,Let's just say that I didn't log in again.,Peldan,https://www.reddit.com/r/dayz/comments/width/lets_just_say_that_i_didnt_log_in_again/,http://i.imgur.com/FkUKy.jpg
winch,0,funny,Our friend finally lost his virginity. We decided to celebrate. [FIXED],,https://www.reddit.com/r/funny/comments/winch/our_friend_finally_lost_his_virginity_we_decided/,http://i.imgur.com/gTZ5H.jpg
witch,1,spirituality,Puppetji vs Meditation,Calibas,https://www.reddit.com/r/spirituality/comments/witch/puppetji_vs_meditation/,http://www.youtube.com/watch?v=G5Z_EoyO_F8&list=UUQkI0sHnG-LQjUDC_Fvv7-w&index=0&feature=plcp
woman,5,AskReddit,How do I know if a site is legitimate?,UHaveNoPowerOverMe,https://www.reddit.com/r/AskReddit/comments/woman/how_do_i_know_if_a_site_is_legitimate/,https://www.reddit.com/r/AskReddit/comments/woman/how_do_i_know_if_a_site_is_legitimate/
yamen,3,hockey,Mike Brown,Oleelee,https://www.reddit.com/r/hockey/comments/yamen/mike_brown/,https://www.reddit.com/r/hockey/comments/yamen/mike_brown/