Rank,Link
1,http://www.reddit.com/r/leagueoflegends/comments/2lel5s/tsm_bjergsen_ama/clu14fx
2,http://www.reddit.com/r/videos/comments/343b1k/this_man_really_hit_the_nail_on_the_head_when_it/cqqxlit
3,http://www.reddit.com/r/AskReddit/comments/1k5yok/wingmen_of_reddit_what_crazy_things_have_you_done/cblqpk6
4,http://www.reddit.com/r/IAmA/comments/2wwdep/we_are_edward_snowden_laura_poitras_and_glenn/courx1i
5,http://www.reddit.com/r/getdisciplined/comments/1q96b5/i_just_dont_care_about_myself/cdah4af
6,http://www.reddit.com/r/WritingPrompts/comments/25gtsw/eu_in_the_final_minutes_of_his_life_calvin_has/chh21q0
7,http://www.reddit.com/r/AskReddit/comments/1rewhf/mall_santas_of_reddit_what_is_the_most_disturbing/cdmkiky
8,http://www.reddit.com/r/todayilearned/comments/22dqqw/til_a_woman_in_2013_falsely_claimed_that_a_man/cglwp02
9,http://www.reddit.com/r/LosAngeles/comments/2foyqd/my_father_is_missing_please_help_last_seen_in/ckbudhg
10,http://www.reddit.com/r/pics/comments/2w6fal/my_father_passed_when_i_was_4_but_people_always/coo36j5
11,http://www.reddit.com/r/DnD/comments/2mjhz9/what_would_happen_if_an_intelligent_greatsword/cm4xnl6
12,http://www.reddit.com/r/DeadBedrooms/comments/30l3xh/perspective_from_a_ll_f/cptgtej
13,http://www.reddit.com/r/gaming/comments/33uplp/mods_and_steam/cqolbds
14,http://www.reddit.com/r/pics/comments/2ndfuo/innocent_young_man_michael_brown_shown_on/cmco6v2
15,http://www.reddit.com/r/books/comments/2ysvzb/terry_pratchett_has_died_megathread/cpcp6bg
16,http://www.reddit.com/r/explainlikeimfive/comments/22pi7o/eli5_why_does_light_travel/cgp58ml
17,http://www.reddit.com/r/legaladvice/comments/34l7vo/ma_postit_notes_left_in_apartment/cqvrdz6
18,http://www.reddit.com/r/television/comments/2hrntm/last_week_tonight_with_john_oliver_drones_hbo/ckvmq7m
19,http://www.reddit.com/r/videos/comments/2nepib/a_black_mans_view_that_goes_against_the_grain_of/cmd2mhc
20,http://www.reddit.com/r/IAmA/comments/2cwfu2/i_am_twitch_ceo_emmett_shear_ask_me_almost/cjjo9e0