Month,US,International,Method
Jan 2006,66.28%,33.72%,Estimated
Feb 2006,66.17%,33.83%,Estimated
Mar 2006,66.07%,33.93%,Estimated
Apr 2006,65.95%,34.05%,Estimated
May 2006,65.85%,34.15%,Estimated
Jun 2006,65.73%,34.27%,Estimated
Jul 2006,65.62%,34.38%,Estimated
Aug 2006,65.51%,34.49%,Estimated
Sep 2006,65.40%,34.60%,Estimated
Oct 2006,65.29%,34.71%,Estimated
Nov 2006,65.18%,34.82%,Estimated
Dec 2006,65.07%,34.93%,Estimated
Jan 2007,64.96%,35.04%,Estimated
Feb 2007,64.85%,35.15%,Estimated
Mar 2007,64.75%,35.25%,Estimated
Apr 2007,64.63%,35.37%,Estimated
May 2007,64.52%,35.48%,Estimated
Jun 2007,64.41%,35.59%,Estimated
Jul 2007,64.30%,35.70%,Estimated
Aug 2007,64.19%,35.81%,Estimated
Sep 2007,64.08%,35.92%,Estimated
Oct 2007,63.97%,36.03%,Estimated
Nov 2007,63.86%,36.14%,Estimated
Dec 2007,63.75%,36.25%,Estimated
Jan 2008,63.64%,36.36%,Estimated
Feb 2008,63.53%,36.47%,Estimated
Mar 2008,63.42%,36.58%,Estimated
Apr 2008,63.31%,36.69%,Estimated
May 2008,63.20%,36.80%,Estimated
Jun 2008,63.09%,36.91%,Estimated
Jul 2008,62.98%,37.02%,Estimated
Aug 2008,62.87%,37.13%,Estimated
Sep 2008,62.75%,37.25%,Estimated
Oct 2008,62.65%,37.35%,Estimated
Nov 2008,62.53%,37.47%,Estimated
Dec 2008,62.43%,37.57%,Estimated
Jan 2009,62.31%,37.69%,Estimated
Feb 2009,62.20%,37.80%,Estimated
Mar 2009,62.10%,37.90%,Estimated
Apr 2009,61.99%,38.01%,Estimated
May 2009,61.88%,38.12%,Estimated
Jun 2009,61.77%,38.23%,Estimated
Jul 2009,61.66%,38.34%,Estimated
Aug 2009,61.55%,38.45%,Estimated
Sep 2009,61.43%,38.57%,Estimated
Oct 2009,61.33%,38.67%,Estimated
Nov 2009,61.21%,38.79%,Estimated
Dec 2009,61.10%,38.90%,Estimated
Jan 2010,60.99%,39.01%,Estimated
Feb 2010,55.8%,44.2%,Measured
Mar 2010,56.8%,43.2%,Measured
Apr 2010,59.1%,40.9%,Measured
May 2010,56.2%,43.8%,Measured
Jun 2010,54.8%,45.2%,Measured
Jul 2010,59.8%,40.2%,Measured
Aug 2010,60.8%,39.2%,Measured
Sep 2010,64.1%,35.9%,Measured
Oct 2010,61.9%,38.1%,Measured
Nov 2010,60.7%,39.3%,Measured
Dec 2010,58.8%,41.2%,Measured
Jan 2011,60.0%,40.0%,Measured
Feb 2011,58.4%,41.6%,Measured
Mar 2011,58.2%,41.8%,Measured
Apr 2011,56.0%,44.0%,Measured
May 2011,62.3%,37.7%,Measured
Jun 2011,62.6%,37.4%,Measured
Jul 2011,59.0%,41.0%,Measured
Aug 2011,61.7%,38.3%,Measured
Sep 2011,57.5%,42.5%,Measured
Oct 2011,59.8%,40.2%,Measured
Nov 2011,58.9%,41.1%,Measured
Dec 2011,59.0%,41.0%,Measured
Jan 2012,60.1%,39.9%,Measured
Feb 2012,60.4%,39.6%,Measured
Mar 2012,62.1%,37.9%,Measured
Apr 2012,60.2%,39.8%,Measured
May 2012,60.8%,39.2%,Measured
Jun 2012,57.3%,42.7%,Measured
Jul 2012,58.0%,42.0%,Measured
Aug 2012,58.2%,41.8%,Measured
Sep 2012,57.7%,42.3%,Measured
Oct 2012,59.0%,41.0%,Measured
Nov 2012,57.2%,42.8%,Measured
Dec 2012,58.2%,41.8%,Measured
Jan 2013,55.2%,44.8%,Measured
Feb 2013,56.8%,43.2%,Measured
Mar 2013,56.2%,43.8%,Measured
Apr 2013,59.0%,41.0%,Measured
May 2013,56.3%,43.7%,Measured
Jun 2013,57.4%,42.6%,Measured
Jul 2013,60.2%,39.8%,Measured
Aug 2013,57.4%,42.6%,Measured
Sep 2013,56.3%,43.7%,Measured
Oct 2013,56.5%,43.5%,Measured
Nov 2013,54.5%,45.5%,Measured
Dec 2013,56.5%,43.5%,Measured
Jan 2014,56.5%,43.5%,Measured
Feb 2014,55.5%,44.5%,Measured
Mar 2014,56.0%,44.0%,Measured
Apr 2014,55.4%,44.6%,Measured
May 2014,55.1%,44.9%,Measured
Jun 2014,55.6%,44.4%,Measured
Jul 2014,53.3%,46.7%,Measured
Aug 2014,53.7%,46.3%,Measured
Sep 2014,52.0%,48.0%,Measured
Oct 2014,53.5%,46.5%,Measured
Nov 2014,53.1%,46.9%,Measured
Dec 2014,53.9%,46.1%,Measured
Jan 2015,52.6%,47.4%,Measured
Feb 2015,52.9%,47.1%,Measured
Mar 2015,53.4%,46.6%,Measured
Apr 2015,54.6%,45.4%,Measured
May 2015,52.8%,47.2%,Measured
Jun 2015,51.6%,48.4%,Measured
Nov 2010,60.7%,39.3%,Measured
Dec 2010,58.8%,41.2%,Measured
Jan 2011,60.0%,40.0%,Measured
Feb 2011,58.4%,41.6%,Measured
Mar 2011,58.2%,41.8%,Measured
Apr 2011,56.0%,44.0%,Measured
May 2011,62.3%,37.7%,Measured
Jun 2011,62.6%,37.4%,Measured
Jul 2011,59.0%,41.0%,Measured
Aug 2011,61.7%,38.3%,Measured
Sep 2011,57.5%,42.5%,Measured
Oct 2011,59.8%,40.2%,Measured
Nov 2011,58.9%,41.1%,Measured
Dec 2011,59.0%,41.0%,Measured
Jan 2012,60.1%,39.9%,Measured
Feb 2012,60.4%,39.6%,Measured
Mar 2012,62.1%,37.9%,Measured
Apr 2012,60.2%,39.8%,Measured
May 2012,60.8%,39.2%,Measured
Jun 2012,57.3%,42.7%,Measured
Jul 2012,58.0%,42.0%,Measured
Aug 2012,58.2%,41.8%,Measured
Sep 2012,57.7%,42.3%,Measured
Oct 2012,59.0%,41.0%,Measured
Nov 2012,57.2%,42.8%,Measured
Dec 2012,58.2%,41.8%,Measured
Jan 2013,55.2%,44.8%,Measured
Feb 2013,56.8%,43.2%,Measured
Mar 2013,56.2%,43.8%,Measured
Apr 2013,59.0%,41.0%,Measured
May 2013,56.3%,43.7%,Measured
Jun 2013,57.4%,42.6%,Measured
Jul 2013,60.2%,39.8%,Measured
Aug 2013,57.4%,42.6%,Measured
Sep 2013,56.3%,43.7%,Measured
Oct 2013,56.5%,43.5%,Measured
Nov 2013,54.5%,45.5%,Measured
Dec 2013,56.5%,43.5%,Measured
Jan 2014,56.5%,43.5%,Measured
Feb 2014,55.5%,44.5%,Measured
Mar 2014,56.0%,44.0%,Measured
Apr 2014,55.4%,44.6%,Measured
May 2014,55.1%,44.9%,Measured
Jun 2014,55.6%,44.4%,Measured
Jul 2014,53.3%,46.7%,Measured
Aug 2014,53.7%,46.3%,Measured
Sep 2014,52.0%,48.0%,Measured
Oct 2014,53.5%,46.5%,Measured
Nov 2014,53.1%,46.9%,Measured
Dec 2014,53.9%,46.1%,Measured
Jan 2015,52.6%,47.4%,Measured
Feb 2015,52.9%,47.1%,Measured
Mar 2015,53.4%,46.6%,Measured
Apr 2015,54.6%,45.4%,Measured
May 2015,52.8%,47.2%,Measured
Jun 2015,51.6%,48.4%,Measured