"client_geo_country","user_id Count"
"CF","2"
"MS","7"
"AD","66"
"GM","10"
"RW","21"
"SV","1819"
"LR","3"
"MR","12"
"MP","281"
"TO","8"
"BI","1"
"TZ","127"
"UZ","45"
"PS","371"
"EC","1614"
"YT","1"
"BN","2180"
"IR","32"
"SZ","21"
"CI","32"
"FK","2"
"NR","1"
"HK","15236"
"GE","405"
"MH","17"
"AM","157"
"AL","1114"
"LU","1647"
"PW","11"
"DJ","8"
"JO","2077"
"BF","6"
"RU","11947"
"ST","1"
"OM","541"
"ZW","70"
"PK","4036"
"ER","1"
"HT","46"
"BM","358"
"GQ","1"
"GP","99"
"BJ","3"
"LS","12"
"AG","141"
"BG","4671"
"MQ","46"
"IL","15695"
"MO","765"
"MN","185"
"SS","2"
"VU","19"
"TR","59273"
"PM","8"
"WS","8"
"NI","707"
"SM","48"
"TL","16"
"TJ","9"
"RE","321"
"BQ","36"
"MZ","84"
"FR","50767"
"DO","3477"
"MW","27"
"FO","204"
"MU","587"
"MT","1949"
"BH","1323"
"SX","192"
"FJ","284"
"FI","31104"
"BD","1703"
"CD","18"
"MM","1122"
"ML","14"
"MK","935"
"GD","108"
"SO","32"
"JE","551"
"MG","102"
"SK","5034"
"NE","5"
"MC","59"
"ZM","65"
"A2","24"
"TD","3"
"BT","61"
"KZ","294"
"AO","50"
"GT","1938"
"NZ","67012"
"IT","55288"
"LV","5293"
"MV","1143"
"LT","9093"
"FM","13"
"HN","1579"
"AF","70"
"IM","561"
"BE","39664"
"GI","208"
"GH","221"
"TT","2869"
"LK","1261"
"US","4898590"
"LI","63"
"KG","90"
"SN","47"
"TN","1883"
"MF","13"
"VN","18310"
"MD","232"
"PF","82"
"LA","168"
"MA","2895"
"NA","111"
"VG","59"
"SC","86"
"SB","9"
"BY","780"
"CY","1776"
"AS","38"
"GW","1"
"ET","35"
"KY","340"
"LY","269"
"CO","7736"
"CN","7952"
"CM","26"
"PY","484"
"CK","28"
"GN","10"
"IO","6"
"GL","78"
"UY","1582"
"JM","1306"
"NP","2106"
"RS","3829"
"EE","5316"
"GF","47"
"CA","421280"
"KH","674"
"IE","19114"
"ID","23660"
"KE","314"
"SL","6"
"PH","86935"
"LC","151"
"LB","2370"
"NC","83"
"SG","43076"
"VI","337"
"UG","74"
"SD","233"
"QA","2016"
"VE","2761"
"UA","2808"
"CZ","15490"
"AW","594"
"CW","338"
"CV","23"
"GY","264"
"BS","654"
"EU","3085"
"AP","801"
"GU","2734"
"HU","8566"
"MY","33257"
"GR","16428"
"IS","3492"
"DM","148"
"AI","15"
"KR","17774"
"SY","344"
"IN","57868"
"AE","8565"
"TW","10860"
"EG","8495"
"NO","35192"
"GG","402"
"BA","3062"
"NL","154199"
"RO","10879"
"PL","85945"
"GB","366748"
"GA","6"
"NG","342"
"ME","380"
"PG","44"
"SI","4735"
"PE","6398"
"TH","26838"
"TG","6"
"SE","64965"
"PA","2576"
"A1","1063"
"TC","46"
"SA","5673"
"VC","52"
"YE","48"
"ZA","20341"
"AZ","207"
"BZ","354"
"AX","149"
"DZ","860"
"BW","76"
"AU","411675"
"AT","17618"
"CU","18"
"AR","8759"
"BR","64157"
"CR","5721"
"ES","43478"
"BO","757"
"KW","2492"
"MX","39664"
"HR","12594"
"CL","7892"
"IQ","568"
"DK","37659"
"JP","29059"
"CH","14794"
"PT","30310"
"KN","126"
"PR","8091"
"DE","188793"
"BB","648"
"SR","292"
"*null*","27292"