"user_agent.platform","user_id Count"
"FreeBSD","54"
"Windows 10","1272016"
"webOS","5"
"Bada","1"
"Fedora","945"
"Kindle","5"
"OpenBSD","40"
"Windows Phone","11041"
"Maemo","49"
"Firefox OS","13"
"Windows XP","19131"
"BlackBerry OS","2562"
"Slackware","1"
"Debian","18"
"Android","2430400"
"Windows 8.1","247958"
"Symbian OS","82"
"MeeGo","14"
"BlackBerry Tablet OS","42"
"NetBSD","9"
"Chrome OS","25548"
"Windows Mobile","2"
"iOS","2837545"
"Solaris","5"
"Windows RT 8.1","889"
"Windows NT 4.0","11"
"GoogleTV","4"
"Windows","112"
"Symbian^3 Anna","1"
"Windows 8","28869"
"Windows 7","994050"
"Linux Mint","7"
"Windows 2000","22"
"Mac OS X","593256"
"Ubuntu","15663"
"Linux","57075"
"Windows Vista","12487"
"Other","188413"
"Windows RT","680"
"*null*","171966"