body,num_commentsThanks!,303519Thank you!,185752Yes,151433Yes.,132712lol,118225Thanks,96934No.,95918No,93039added,84777:(,83897yes,83749"**Attention!** Please keep in mind that the OP of this thread has chosen to mark this post with the **[Serious] replies only** tag, therefore [any replies that are jokes, puns, off-topic, or are otherwise non-contributory will be removed](http://www.reddit.com/r/AskReddit/wiki/index#wiki_--.5Bserious.5D_tags--).

If you don't fall within the scope the question is directed to, please do not reply to the question as your comment will be removed. If the question is ""Bakers of reddit..."" and you're not a baker, your comment will be removed. All top-level replies need to be from someone who is in the group the question was asked to.

If you see others posting comments that violate this tag, please report them to the mods! 

Thanks for your cooperation and enjoy the discussion!


*I am a bot, and this action was performed automatically. Please [contact the moderators of this subreddit](/message/compose/?to=/r/AskReddit) if you have any questions or concerns.*",81774no,74451:),72275Lol,68820Cat.,63706Why?,63012"Your submission was removed because it does not include a required Game System/Console tag. Make sure you include the Game System/Tag in the title surrounded by brackets [], not parenthesis (), such as `[PS4] VoG NM LF3M`. Please check our [Announcement Post](https://www.reddit.com/r/Fireteams/comments/2xhz6c/announcement_new_title_requirements/) for information about tagging your submission properly, then resubmit it with the correct tag.

*I am a bot, and this action was performed automatically. Please [contact the moderators of this subreddit](/message/compose/?to=/r/Fireteams) if you have any questions or concerns.*",60919F,60277What?,60275Added,60242&lt;3,59067Thank you.,56727"To other users posting on this thread (and **not** to the submitter of this particular thread): offering on price check and question threads is not allowed. Failure to abide by this rule may result in a temporary or permanent ban.

Sharking is not tolerated here, and any attempt made *will* result in a permanent ban.

[Please refer to our subreddit's rules as well if you have any doubts.](http://www.reddit.com/r/globaloffensivetrade/wiki/rules)


*I am a bot, and this action was performed automatically. Please [contact the moderators of this subreddit](/message/compose/?to=/r/GlobalOffensiveTrade) if you have any questions or concerns.*",56463Thank you,56080Source?,55782k,55358:D,49649Thanks.,47907LOL,43661?,43427( Í¡Â° ÍœÊ– Í¡Â°),43252Thanks! ,42865Nope,42719thanks,41664ok,40977thanks!,40434Nope.,40407Thanks :),39455"
#### Off Topic Comment Section ####

---

This comment acts as a discussion area for the prompt. All **non-story** replies should be made as a reply to this comment rather than as a top-level comment.

This is a feature of /r/WritingPrompts in testing. For more information, click [here](http://www.reddit.com/r/WritingPrompts/comments/351ym4/ot_rwritingprompts_new_feature_in_testing/).
",38529Sent!,38226.,36985;),36751K,36528"We're sorry, but your post is in violation of our rules. You must include a buyout in the post **body** of every thread posted [**exactly as specified in this thread**](http://www.reddit.com/r/GlobalOffensiveTrade/comments/2tdpzs/psa_there_is_now_a_buyout_feature_to/), unless there has been an exception made by the moderators for any particular reason. Please also take this time to [examine our rules](http://www.reddit.com/r/GlobalOffensiveTrade/wiki/rules) for future reference.

If you intend to contact us about this action (or any other ones), please ensure that you have read this comment in its entirety (making sure to read through any relevant links) and make sure you grasp a full understanding of what it means *before* contacting us.


*I am a bot, and this action was performed automatically. Please [contact the moderators of this subreddit](/message/compose/?to=/r/GlobalOffensiveTrade) if you have any questions or concerns.*",35503Thank you :),35080Added!,35075Thank you! ,33729"To other users posting on this thread: offering on price check and question threads is not allowed. Failure to abide by this rule may result in a temporary or permanent ban.

Sharking is not tolerated here, and any attempt made *will* result in a permanent ban.

[Please refer to our subreddit's rules as well if you have any doubts.](http://www.reddit.com/r/globaloffensivetrade/wiki/rules)


*[I am a bot](/r/AutoModerator/comments/q11pu/what_is_automoderator/), and this action was performed automatically. Please [contact the moderators of this subreddit](/message/compose?to=%2Fr%2FGlobalOffensiveTrade) if you have any questions or concerns.*",32899Yep,31954Ok,31287wat,30944"Your submission was removed because it looks like you're posting music without a correct title. 

The correct format is:      

**Artist Name - Song Name [genre]** (optional year) Optional extra text    

Check your post now. Does it have spaces around the dash "" - "", and does it have the [genre]?    

Forgetting these points are almost definitely why it was removed.    

An example of a correct title:    

     Damu the Fudgemunk - Tea Thyme [instrumental hip-hop/funk] (2010)    
     


You will need to delete this post before submitting again (click on delete above).

---

**If you are not posting music, please resubmit with the appropriate tag in the title:**

    {playlist} for music playlists
    {non-music audio} for audio submissions that are not music
    {non-music video} for video submissions that are not music


*I am a bot, and this action was performed automatically. Please [contact the moderators of this subreddit](/message/compose/?to=/r/Music) if you have any questions or concerns.*",29813Yup,28939Yes. ,28927Nice!,27953"**Attention!** Please keep in mind that the OP of this thread has chosen to mark this post with the **[Serious] replies only** tag, therefore any replies that are jokes, puns, off-topic, or are otherwise non-contributory will be removed.

If you see others posting comments that violate this tag, please report them to the mods! 

Thanks for your cooperation and enjoy the discussion!


*[I am a bot](/r/AutoModerator/comments/q11pu/what_is_automoderator/), and this action was performed automatically. Please [contact the moderators of this subreddit](/message/compose?to=%2Fr%2FAskReddit) if you have any questions or concerns.*",27945Nice,27862Yep.,27509"This submission has been automatically removed because you did not include a question mark (""?"") in your title. Reddit does not allow post titles to be edited, so if you would like, you can post the question again.  Please write your title in proper question format, and include a question mark, thank you.

*I am a bot, and this action was performed automatically. Please [contact the moderators of this subreddit](/message/compose/?to=/r/AskReddit) if you have any questions or concerns.*",27137Agreed.,26977This.,26864Exactly.,25379lmao,24832Every account on reddit is a bot except you.,24659"Any trade involving real-world money or the exchange of items/cash outside of the standard Steam trading window should be treated with extra caution.  We strongly advise you to consult our guide on [trading real world money](http://www.reddit.com/r/GlobalOffensiveTrade/wiki/moneytrades) and/or message the moderators of /r/GlobalOffensiveTrade with any questions or concerns at the link provided below.  Please trade safely!

Note: this comment is for informational purposes only. It is not accusing you of being a scammer.


*I am a bot, and this action was performed automatically. Please [contact the moderators of this subreddit](/message/compose/?to=/r/GlobalOffensiveTrade) if you have any questions or concerns.*",246351,23971Agreed,23691Awesome!,23585Same,22703I volunteer as Tribute,22318ayy lmao,22264nope,21883Who?,21179This,21176Link?,21084Yes!,20783Yup.,20362thank you!,20266nice,20243...,20165Thank you so much!,20094"You're not shadowbanned.

You can prove that to yourself by clicking your own username to go to your overview then logging out. You should still see your overview. If you were shadowbanned, it would go to [Reddit's 404 page](http://www.reddit.com/user/healthyyi).

If you're asking because something you posted isn't showing up in /r/&lt;subreddit&gt;/new, (or in your overview *when you log out*) [click here](http://www.reddit.com/wiki/faq#wiki_why_don.27t_my_submissions_show_up_on_the_new_page.3F) to learn  the procedure for dealing with the spam filter.

**Do not delete &amp; resubmit your posts** as this will train the spam filter to continue doing this. You may have to repeat the procedure until the spam filter learns that your posts are okay.

*If this doesn't help explain the trouble you're having, first check out [Reddit's FAQ](http://www.reddit.com/r/help/wiki/faq) or consider posting in /r/help.*
",19989"You are posting here too often! More Information about this rule can be found [here](http://redd.it/32u91p) . 

Please also take time to [examine our rules](http://www.reddit.com/r/GlobalOffensiveTrade/wiki/rules) for future reference. Thank you very much for your understanding.

--- Bot by [VidiLux, add me to inquire about my services](http://steamcommunity.com/id/vidilux) --- [Message me on Reddit](http://www.reddit.com/user/greenlight227/) ---",19919Yeah,19845PM'd,19805"You need to have more [interaction](https://www.reddit.com/wiki/commenting#wiki_commenting) with the /r/GlobalOffensive community before posting video or stream links. Unfortunately, this has become necessary to combat video spam &amp; people who only use the subreddit to blatantly advertise their content. Members of organizations and other high-profile individuals can be excluded from this restriction in some cases per request. Please do not contact the moderators asking about the participation level required for submitting content - we do not typically reveal it but it is quite low and any reasonably active commenter should reach it easily. You can find our rules regarding advertising and self-promotion [here](https://www.reddit.com/r/GlobalOffensive/wiki/rules#wiki_9.29_advertising_and_self-promotion).

*I am a bot, and this action was performed automatically. Please [contact the moderators of this subreddit](/message/compose/?to=/r/GlobalOffensive) if you have any questions or concerns.*",19681thank you,19659Wow,19003No. ,18996Confirmed,18708,18602"
Your post has been automatically removed because you did not include one of the required title tags. [Please read the FAQ](http://www.reddit.com/r/sex/wiki/index) for more information.


*I am a bot, and this action was performed automatically. Please [contact the moderators of this subreddit](/message/compose/?to=/r/sex) if you have any questions or concerns.*",18576No problem!,18219Good luck!,18123"**PLEASE READ THIS MESSAGE IN ITS ENTIRETY BEFORE TAKING ACTION.  YOU HAVE FAILED TO ASK A QUESTION IN YOUR TITLE**

Your post was removed as it looks like you failed to ask a question in your title. Double check everything, including punctuation, and try posting again. 

* **If you're wanting to tell a story or explain something, please try /r/Self.**

* **If you're needing advice of any kind, try /r/advice or /r/needadvice**

* **If you're looking for a fact based answer, try /r/answers**

* **If you're looking for something that has slipped your mind, try /r/TipOfMyTongue.**

Anything else not covered try one of the subreddits mentioned in our sidebar that better suits your needs.

If you need more clarification, or feel this was an error, please contact the mods and provide a link to this post, thanks!


*I am a bot, and this action was performed automatically. Please [contact the moderators of this subreddit](/message/compose/?to=/r/AskReddit) if you have any questions or concerns.*",18111Fair enough.,17941"**Attention!** Please keep in mind that the OP of this thread has chosen to mark this post with the **[Serious] replies only** tag, therefore [any replies that are jokes, puns, off-topic, or are otherwise non-contributory will be removed](http://www.reddit.com/r/AskReddit/wiki/index#wiki_--.5Bserious.5D_tags--).

If you see others posting comments that violate this tag, please report them to the mods! 

Thanks for your cooperation and enjoy the discussion!


*I am a bot, and this action was performed automatically. Please [contact the moderators of this subreddit](/message/compose/?to=/r/AskReddit) if you have any questions or concerns.*",17575