num_gildings,post
73,https://www.reddit.com/r/GetMotivated/comments/2xc947/text_soon_i_will_be_gone_forever_but_thats_okay/
53,https://www.reddit.com/r/PaoMustResign/comments/39fqht/upvote_this_buy_no_gold_until_pao_resigns/
52,https://www.reddit.com/r/announcements/comments/3cucye/an_old_team_at_reddit/
33,https://www.reddit.com/r/announcements/comments/39bpam/removing_harassing_subreddits/
32,https://www.reddit.com/r/StarWars/comments/3qvj6w/theory_jar_jar_binks_was_a_trained_force_user/
22,https://www.reddit.com/r/self/comments/3cudi0/resignation_thank_you/
22,https://www.reddit.com/r/pics/comments/36vmh7/i_recently_lost_my_companion_of_9_and_a_half/
18,https://www.reddit.com/r/software/comments/3kdghp/eye_tracking_software_for_sufferers_of_alsmnd_can/
18,https://www.reddit.com/r/Blackout2015/comments/3byaqn/just_boycott_gold_hit_them_where_it_hurts_lets/
15,https://www.reddit.com/r/pics/comments/2rpsfb/i_drew_muhammad_and_will_draw_muhammad_every_day/
15,https://www.reddit.com/r/thebutton/comments/313qfx/what_on_earth_is_this_ive_never_gotten_so_many/
15,https://www.reddit.com/r/videos/comments/2r1uy8/i_recently_stopped_bringing_my_guitar_to_my_moms/
14,https://www.reddit.com/r/AskReddit/comments/2zxs8e/reddit_now_that_mothers_day_is_almost_over_what/
13,https://www.reddit.com/r/LifeProTips/comments/3wy6pd/lpt_what_to_do_when_your_partner_has_a_crush/
13,https://www.reddit.com/r/self/comments/3clu3i/hi_everyone_victoria_here/
13,https://www.reddit.com/r/starcitizen/comments/3n6lum/escapist_anonymous_sources_uncovered/
13,https://www.reddit.com/r/announcements/comments/3cbo4m/we_apologize/
13,https://www.reddit.com/r/videos/comments/2yoly3/on_holidays_from_work_and_with_my_family_out_of/
12,https://www.reddit.com/r/funny/comments/3xht0d/i_am_a_karmawhore/
12,https://www.reddit.com/r/pcmasterrace/comments/2z6d7d/my_teenage_son_got_caught_with_an_xbone_am_i_a/