Rank,Saves,Link
1,"43,322",http://www.reddit.com/r/AskReddit/comments/2b0yf8/good_students_how_do_you_go_about_getting_good/cj0qre2
2,"38,150",http://www.reddit.com/r/AskReddit/comments/26e6g4/what_free_things_on_the_internet_should_everyone/chq6lsp
3,"35,370",http://www.reddit.com/r/AskReddit/comments/219w2o/whos_the_dumbest_person_youve_ever_met/cgbhkwp
4,"32,924",http://www.reddit.com/r/getdisciplined/comments/1q96b5/i_just_dont_care_about_myself/cdah4af
5,"31,886",http://www.reddit.com/r/AskReddit/comments/27vl5y/what_will_people_100_years_from_now_write_tils/ci4v1zp
6,"26,103",http://www.reddit.com/r/trackers/comments/hrgmv/tracker_with_pdfsebooks_of_college_textbooks/c1xrq44
7,"26,067",http://www.reddit.com/r/AskReddit/comments/2vb5xc/what_small_websites_do_more_people_need_to_be/cog2n1e
8,"24,351",http://www.reddit.com/r/AskReddit/comments/2yw771/what_free_things_on_the_internet_should_everyone/cpdm4zv
9,"19,988",http://www.reddit.com/r/AskReddit/comments/2yw771/what_free_things_on_the_internet_should_everyone/cpdiimu
10,"19,465",http://www.reddit.com/r/AskReddit/comments/2g7wvh/what_is_a_keyboard_shortcut_that_everyone_must/ckghqxe
11,"19,135",http://www.reddit.com/r/AskReddit/comments/2eguxy/what_are_some_college_life_pro_tips/cjzd9uu
12,"19,031",http://www.reddit.com/r/explainlikeimfive/comments/22pi7o/eli5_why_does_light_travel/cgp58ml
13,"17,973",http://www.reddit.com/r/AskReddit/comments/2px5ai/whats_your_favorite_thing_you_have_in_your_saved/cn0uc2r
14,"17,725",http://www.reddit.com/r/AskReddit/comments/258w8s/what_is_a_story_you_have_been_dying_to_tell/chex9eq
15,"16,504",http://www.reddit.com/r/AskReddit/comments/2yw771/what_free_things_on_the_internet_should_everyone/cpdidq4
16,"16,267",http://www.reddit.com/r/AskReddit/comments/241nz3/what_are_your_go_to_porn_videos_that_youll_never/ch2rt3y
17,"14,439",http://www.reddit.com/r/AskReddit/comments/2ngpqo/what_free_stuff_on_the_internet_should_everyone/cmdh1xy
18,"13,538",http://www.reddit.com/r/AskReddit/comments/2c4x5b/what_should_you_absolutely_not_do_at_a_wedding/cjc0wic
19,"13,372",http://www.reddit.com/r/AskReddit/comments/2s5mzf/what_are_the_best_free_things_on_the_internet/cnmehw1
20,"13,248",http://www.reddit.com/r/AskReddit/comments/2eb5gl/real_estateestate_agents_what_are_the_questions/cjy0gxl